date;us_and_canada;europe;asia_pacific;rest_of_world;total
2018-12-31;186;282;577;478;1523
2019-03-31;186;286;600;490;1562
2019-06-30;187;286;615;499;1587
2019-09-30;189;288;627;519;1623
2019-12-31;190;294;641;532;1657
2020-03-31;195;305;678;556;1734
2020-06-30;198;305;699;583;1785
2020-09-30;196;305;727;593;1820
2020-12-31;195;308;744;598;1845
2021-03-31;195;309;760;613;1878
2021-06-30;195;307;788;618;1908
2021-09-30;196;308;805;622;1930
2021-12-31;195;309;806;619;1929
2022-03-31;196;307;827;629;1960
2022-06-30;197;303;836;631;1968
2022-09-30;197;303;845;638;1984
2022-12-31;199;304;854;643;2000
2023-03-31;200;307;873;657;2037
