date;total_assets;cash_and_cash_equivalents;marketable_securities;accounts_receivable_net;prepaid_expenses_and_other_current_assets;total_current_assets;non_marketable_equity_securities;property_and_equipment_net;operating_lease_right_of_use_assets;intangible_assets_net;goodwill;other_assets
2021-03-31;163,523;19,513;44,706;10,276;2,827;77,322;6,342;47,720;10,202;505;19,056;2,376
2021-06-30;170,609;16,186;47,894;11,698;4,919;80,697;6,393;50,909;10,525;514;19,219;2,352
2021-09-30;169,585;14,496;43,579;12,088;5,258;75,421;6,758;53,726;11,063;365;19,065;3,187
2021-12-31;165,987;16,601;31,397;14,039;4,629;66,666;6,775;57,809;12,155;634;19,197;2,751
2022-03-31;164,218;14,886;29,004;11,390;3,985;59,265;6,775;61,582;12,241;910;19,923;3,522
2022-06-30;169,779;12,681;27,808;11,525;3,973;55,987;6,536;67,588;14,130;965;20,229;4,344
2022-09-30;178,894;14,308;27,468;11,227;5,312;58,315;6,528;73,738;13,641;875;20,268;5,529
2022-12-31;185,727;14,681;26,057;13,466;5,345;59,549;6,201;79,518;12,673;897;20,306;6,583
2023-03-31;184,491;11,551;25,888;11,044;4,000;52,483;6,167;84,156;12,899;949;20,649;7,188
