date;accounts_payable;partners_payable;operating_lease_liabilities_current;accrued_expenses_and_other_current_liabilities;total_current_liabilities;operating_lease_liabilities_non_current;long_term_debt;other_liabilities;total_liabilities;additional_paid_in_capital;accumulated_other_comprehensive_income_loss;retained_earnings;total_stockholders_equity;total_liabilities_and_stockholders_equity
2021-03-31;878;1006;1040;9793;12717;10574;0;6575;29866;51160;154;82343;133657;163523
2021-06-30;973;949;1051;11901;14874;10956;0;6552;32382;52845;285;85097;138227;170609
2021-09-30;2195;909;1086;13622;17812;11554;0;6859;36225;54334;-207;79233;133360;169585
2021-12-31;4083;1052;1127;14873;21135;12746;0;7227;41108;55811;-693;69761;124879;165987
2022-03-31;3246;935;1159;15746;21086;12894;0;7010;40990;57512;-1996;67712;123228;164218
2022-06-30;4008;982;1275;15952;22217;14792;0;7003;44012;59929;-3411;69249;125767;169779
2022-09-30;3871;975;1291;16550;22687;14687;9922;7504;54800;62092;-5054;67056;124094;178894
2022-12-31;4990;1117;1367;19552;27026;15301;9923;7764;60014;64444;-3530;64799;125713;185727
2023-03-31;3672;885;1479;19345;25081;16171;9925;8219;59696;66535;-2981;61241;124795;184491
